"Page","Section","Section Description"
"/","Navbar",""
"","Hero Header Section","Describe the product or service"
"","Logo List Section","Show logos of key customers or partners we have worked with"
"","Our Statement Section","Statement on our work, experience and approach to clients and their needs"
"","Small CTA Section (opt)","Invite visitors to inquire about or purchase the product or service"
"","Primary Portfolio List Section","Showcase a primary list of Portfolio Items"
"","Reasons To Work With Us List Section","Highlight a list of reasons to work with us"
"","Testimonial Section","Webflow Partner badge and Google Review"
"","Big CTA Section","Invite visitors to inquire about or purchase the product or service"
"","Footer",""
"/service_template","Navbar",""
"","Hero Header Section","Describe the product or service and the result it will bring"
"","Logo List Section","Show logos of key customers or partners we have worked with"
"","Services List Section","Highlight a list of specific services we offer"
"","Small CTA Section (opt)","Invite visitors to inquire about or purchase the product or service"
"","Primary Portfolio List Section","Showcase a primary list of Portfolio Items (ideally related to this service or project)"
"","Stats Section (opt)","Display statistics and key metrics if we have them"
"","Common Challenges List Section","Highlight a list of most common issues or challenges related to this service "
"","Small CTA Section (opt)","Invite visitors to inquire about or purchase the product or service"
"","Why Can You Trust Us List Section","Highlight a list of reasons why you can trust us and results we will deliver"
"","Our Process Section","Describe how our process for this service looks and what are the next steps"
"","Reasons To Work With Us List Section","Highlight a list of reasons to work with us"
"","Secondary Portfolio List Section (opt)","Showcase a secondary list of Portfolio Items (ideally related to this service or project)"
"","Testimonial Section","Webflow Partner badge and Google Review"
"","Testimonial Section","Single customer testimonial (ideally related to this service or project)"
"","FAQ Section","Answer frequently asked questions"
"","Big CTA Section","Invite visitors to inquire about or purchase the product or service"
"","Footer",""
"/vyvoj-webovych-stranek","Navbar",""
"","Hero Header Section","Describe the product or service and the result it will bring"
"","Logo List Section","Show logos of key customers or partners we have worked with"
"","Services List Section","Highlight a list of specific services we offer"
"","Small CTA Section (opt)","Invite visitors to inquire about or purchase the product or service"
"","Primary Portfolio List Section","Showcase a primary list of Portfolio Items (ideally related to this service or project)"
"","Stats Section (opt)","Display statistics and key metrics if we have them"
"","Common Challenges List Section","Highlight a list of most common issues or challenges related to this service "
"","Small CTA Section (opt)","Invite visitors to inquire about or purchase the product or service"
"","Our Process Section","Describe how our process for this service looks and what are the next steps"
"","Reasons To Work With Us List Section","Highlight a list of reasons to work with us"
"","Secondary Portfolio List Section (opt)","Showcase a secondary list of Portfolio Items (ideally related to this service or project)"
"","FAQ Section","Answer frequently asked questions"
"","Big CTA Section","Invite visitors to inquire about or purchase the product or service"
"","Footer",""
"/design-webovych-stranek","Navbar",""
"","Hero Header Section","Describe the product or service and the result it will bring"
"","Logo List Section","Show logos of key customers or partners we have worked with"
"","Services List Section","Highlight a list of specific services we offer"
"","Small CTA Section (opt)","Invite visitors to inquire about or purchase the product or service"
"","Primary Portfolio List Section","Showcase a primary list of Portfolio Items (ideally related to this service or project)"
"","Stats Section (opt)","Display statistics and key metrics if we have them"
"","Common Challenges List Section","Highlight a list of most common issues or challenges related to this service "
"","Small CTA Section (opt)","Invite visitors to inquire about or purchase the product or service"
"","Why Can You Trust Us List Section","Highlight a list of reasons why you can trust us and results we will deliver"
"","Our Process Section","Describe how our process for this service looks and what are the next steps"
"","Reasons To Work With Us List Section","Highlight a list of reasons to work with us"
"","Secondary Portfolio List Section (opt)","Showcase a secondary list of Portfolio Items (ideally related to this service or project)"
"","Testimonial Section","Webflow Partner badge and Google Review"
"","Testimonial Section","Single customer testimonial (ideally related to this service or project)"
"","FAQ Section","Answer frequently asked questions"
"","Big CTA Section","Invite visitors to inquire about or purchase the product or service"
"","Footer",""
"/redesign-webovych-stranek","Navbar",""
"","Hero Header Section","Describe the product or service and the result it will bring"
"","Logo List Section","Show logos of key customers or partners we have worked with"
"","Services List Section","Highlight a list of specific services we offer"
"","Small CTA Section (opt)","Invite visitors to inquire about or purchase the product or service"
"","Primary Portfolio List Section","Showcase a primary list of Portfolio Items (ideally related to this service or project)"
"","Stats Section (opt)","Display statistics and key metrics if we have them"
"","Common Challenges List Section","Highlight a list of most common issues or challenges related to this service "
"","Small CTA Section (opt)","Invite visitors to inquire about or purchase the product or service"
"","Why Can You Trust Us List Section","Highlight a list of reasons why you can trust us and results we will deliver"
"","Our Process Section","Describe how our process for this service looks and what are the next steps"
"","Reasons To Work With Us List Section","Highlight a list of reasons to work with us"
"","Secondary Portfolio List Section (opt)","Showcase a secondary list of Portfolio Items (ideally related to this service or project)"
"","Testimonial Section","Webflow Partner badge and Google Review"
"","Testimonial Section","Single customer testimonial (ideally related to this service or project)"
"","FAQ Section","Answer frequently asked questions"
"","Big CTA Section","Invite visitors to inquire about or purchase the product or service"
"","Footer",""
"/webflow-vyvoj","Navbar",""
"","Hero Header Section","Describe the product or service and the result it will bring"
"","Logo List Section","Show logos of key customers or partners we have worked with"
"","Services List Section","Highlight a list of specific services we offer"
"","Small CTA Section (opt)","Invite visitors to inquire about or purchase the product or service"
"","Primary Portfolio List Section","Showcase a primary list of Portfolio Items (ideally related to this service or project)"
"","Stats Section (opt)","Display statistics and key metrics if we have them"
"","Common Challenges List Section","Highlight a list of most common issues or challenges related to this service "
"","Small CTA Section (opt)","Invite visitors to inquire about or purchase the product or service"
"","Why Can You Trust Us List Section","Highlight a list of reasons why you can trust us and results we will deliver"
"","Our Process Section","Describe how our process for this service looks and what are the next steps"
"","Reasons To Work With Us List Section","Highlight a list of reasons to work with us"
"","Secondary Portfolio List Section (opt)","Showcase a secondary list of Portfolio Items (ideally related to this service or project)"
"","Testimonial Section","Webflow Partner badge and Google Review"
"","Testimonial Section","Single customer testimonial (ideally related to this service or project)"
"","FAQ Section","Answer frequently asked questions"
"","Big CTA Section","Invite visitors to inquire about or purchase the product or service"
"","Footer",""
"/landing-page","Navbar",""
"","Hero Header Section","Describe the product or service and the result it will bring"
"","Logo List Section","Show logos of key customers or partners we have worked with"
"","Services List Section","Highlight a list of specific services we offer"
"","Small CTA Section (opt)","Invite visitors to inquire about or purchase the product or service"
"","Primary Portfolio List Section","Showcase a primary list of Portfolio Items (ideally related to this service or project)"
"","Stats Section (opt)","Display statistics and key metrics if we have them"
"","Common Challenges List Section","Highlight a list of most common issues or challenges related to this service "
"","Small CTA Section (opt)","Invite visitors to inquire about or purchase the product or service"
"","Why Can You Trust Us List Section","Highlight a list of reasons why you can trust us and results we will deliver"
"","Our Process Section","Describe how our process for this service looks and what are the next steps"
"","Reasons To Work With Us List Section","Highlight a list of reasons to work with us"
"","Secondary Portfolio List Section (opt)","Showcase a secondary list of Portfolio Items (ideally related to this service or project)"
"","Testimonial Section","Webflow Partner badge and Google Review"
"","Testimonial Section","Single customer testimonial (ideally related to this service or project)"
"","FAQ Section","Answer frequently asked questions"
"","Big CTA Section","Invite visitors to inquire about or purchase the product or service"
"","Footer",""
"/ux-audit","Navbar",""
"","Hero Header Section","Describe the product or service and the result it will bring"
"","Logo List Section","Show logos of key customers or partners we have worked with"
"","Services List Section","Highlight a list of specific services we offer"
"","Small CTA Section (opt)","Invite visitors to inquire about or purchase the product or service"
"","Primary Portfolio List Section","Showcase a primary list of Portfolio Items (ideally related to this service or project)"
"","Stats Section (opt)","Display statistics and key metrics if we have them"
"","Common Challenges List Section","Highlight a list of most common issues or challenges related to this service "
"","Small CTA Section (opt)","Invite visitors to inquire about or purchase the product or service"
"","Why Can You Trust Us List Section","Highlight a list of reasons why you can trust us and results we will deliver"
"","Our Process Section","Describe how our process for this service looks and what are the next steps"
"","Reasons To Work With Us List Section","Highlight a list of reasons to work with us"
"","Secondary Portfolio List Section (opt)","Showcase a secondary list of Portfolio Items (ideally related to this service or project)"
"","Testimonial Section","Webflow Partner badge and Google Review"
"","Testimonial Section","Single customer testimonial (ideally related to this service or project)"
"","FAQ Section","Answer frequently asked questions"
"","Big CTA Section","Invite visitors to inquire about or purchase the product or service"
"","Footer",""
"/vyvoj-mvp","Navbar",""
"","Hero Header Section","Describe the product or service and the result it will bring"
"","Logo List Section","Show logos of key customers or partners we have worked with"
"","Services List Section","Highlight a list of specific services we offer"
"","Small CTA Section (opt)","Invite visitors to inquire about or purchase the product or service"
"","Primary Portfolio List Section","Showcase a primary list of Portfolio Items (ideally related to this service or project)"
"","Stats Section (opt)","Display statistics and key metrics if we have them"
"","Common Challenges List Section","Highlight a list of most common issues or challenges related to this service "
"","Small CTA Section (opt)","Invite visitors to inquire about or purchase the product or service"
"","Why Can You Trust Us List Section","Highlight a list of reasons why you can trust us and results we will deliver"
"","Our Process Section","Describe how our process for this service looks and what are the next steps"
"","Reasons To Work With Us List Section","Highlight a list of reasons to work with us"
"","Secondary Portfolio List Section (opt)","Showcase a secondary list of Portfolio Items (ideally related to this service or project)"
"","Testimonial Section","Webflow Partner badge and Google Review"
"","Testimonial Section","Single customer testimonial (ideally related to this service or project)"
"","FAQ Section","Answer frequently asked questions"
"","Big CTA Section","Invite visitors to inquire about or purchase the product or service"
"","Footer",""
"/vyvoj-webovych-aplikaci","Navbar",""
"","Hero Header Section","Describe the product or service and the result it will bring"
"","Logo List Section","Show logos of key customers or partners we have worked with"
"","Services List Section","Highlight a list of specific services we offer"
"","Small CTA Section (opt)","Invite visitors to inquire about or purchase the product or service"
"","Primary Portfolio List Section","Showcase a primary list of Portfolio Items (ideally related to this service or project)"
"","Stats Section (opt)","Display statistics and key metrics if we have them"
"","Common Challenges List Section","Highlight a list of most common issues or challenges related to this service "
"","Small CTA Section (opt)","Invite visitors to inquire about or purchase the product or service"
"","Why Can You Trust Us List Section","Highlight a list of reasons why you can trust us and results we will deliver"
"","Our Process Section","Describe how our process for this service looks and what are the next steps"
"","Reasons To Work With Us List Section","Highlight a list of reasons to work with us"
"","Secondary Portfolio List Section (opt)","Showcase a secondary list of Portfolio Items (ideally related to this service or project)"
"","Testimonial Section","Webflow Partner badge and Google Review"
"","Testimonial Section","Single customer testimonial (ideally related to this service or project)"
"","FAQ Section","Answer frequently asked questions"
"","Big CTA Section","Invite visitors to inquire about or purchase the product or service"
"","Footer",""
"/vizualni-identita","Navbar",""
"","Hero Header Section","Describe the product or service and the result it will bring"
"","Logo List Section","Show logos of key customers or partners we have worked with"
"","Services List Section","Highlight a list of specific services we offer"
"","Small CTA Section (opt)","Invite visitors to inquire about or purchase the product or service"
"","Primary Portfolio List Section","Showcase a primary list of Portfolio Items (ideally related to this service or project)"
"","Stats Section (opt)","Display statistics and key metrics if we have them"
"","Common Challenges List Section","Highlight a list of most common issues or challenges related to this service "
"","Small CTA Section (opt)","Invite visitors to inquire about or purchase the product or service"
"","Why Can You Trust Us List Section","Highlight a list of reasons why you can trust us and results we will deliver"
"","Our Process Section","Describe how our process for this service looks and what are the next steps"
"","Reasons To Work With Us List Section","Highlight a list of reasons to work with us"
"","Secondary Portfolio List Section (opt)","Showcase a secondary list of Portfolio Items (ideally related to this service or project)"
"","Testimonial Section","Webflow Partner badge and Google Review"
"","Testimonial Section","Single customer testimonial (ideally related to this service or project)"
"","FAQ Section","Answer frequently asked questions"
"","Big CTA Section","Invite visitors to inquire about or purchase the product or service"
"","Footer",""
"/graficky-design","Navbar",""
"","Hero Header Section","Describe the product or service and the result it will bring"
"","Logo List Section","Show logos of key customers or partners we have worked with"
"","Services List Section","Highlight a list of specific services we offer"
"","Small CTA Section (opt)","Invite visitors to inquire about or purchase the product or service"
"","Primary Portfolio List Section","Showcase a primary list of Portfolio Items (ideally related to this service or project)"
"","Stats Section (opt)","Display statistics and key metrics if we have them"
"","Common Challenges List Section","Highlight a list of most common issues or challenges related to this service "
"","Small CTA Section (opt)","Invite visitors to inquire about or purchase the product or service"
"","Why Can You Trust Us List Section","Highlight a list of reasons why you can trust us and results we will deliver"
"","Our Process Section","Describe how our process for this service looks and what are the next steps"
"","Reasons To Work With Us List Section","Highlight a list of reasons to work with us"
"","Secondary Portfolio List Section (opt)","Showcase a secondary list of Portfolio Items (ideally related to this service or project)"
"","Testimonial Section","Webflow Partner badge and Google Review"
"","Testimonial Section","Single customer testimonial (ideally related to this service or project)"
"","FAQ Section","Answer frequently asked questions"
"","Big CTA Section","Invite visitors to inquire about or purchase the product or service"
"","Footer",""
"/nase-prace","Navbar",""
"","Hero Header Section","Describe the product or service"
"","Logo List Section","Show logos of key customers or partners we have worked with"
"","Portfolio Item ELDR Section","Showcase the content of the Portfolio Item"
"","Portfolio Item CRR Section","Showcase the content of the Portfolio Item"
"","Testimonial Section","Webflow Partner badge and Google Review"
"","Small CTA Section (opt)","Invite visitors to inquire about or purchase the product or service"
"","Portfolio Item Anse Section","Showcase the content of the Portfolio Item"
"","Portfolio Item Arbosis Section","Showcase the content of the Portfolio Item"
"","Reasons To Work With Us List Section","Highlight a list of reasons to work with us"
"","Big CTA Section","Invite visitors to inquire about or purchase the product or service"
"","Footer",""
"/kontakt","Navbar",""
"","Contact Form Section","Encourage visitors to contact company"
"","Logo List Section","Show logos of key customers or partners we have worked with"
"","Reasons To Work With Us List Section","Highlight a list of reasons to work with us"
"","FAQ Section","Answer frequently asked questions"
"","Testimonial Section","Webflow Partner badge and Google Review"
"","Footer",""
"/o-nas (dev, no-index)","Navbar",""
"","Footer",""
"/project_template","Navbar",""
"","Footer",""